1                                                          The SAS System                             15:46 Wednesday, June 24, 2026

NOTE: Copyright (c) 2002-2012 by SAS Institute Inc., Cary, NC, USA. 
NOTE: SAS (r) Proprietary Software 9.4 (TS1M2) 
      Licensed to UNIVERSITY OF CHICAGO - SFA T&R, Site 70080300.
NOTE: This session is executing on the Linux 4.18.0-553.124.1.el8_10.x86_64 (LIN X64) platform.



NOTE: Updated analytical products:
      
      SAS/STAT 13.2
      SAS/ETS 13.2
      SAS/OR 13.2
      SAS/IML 13.2
      SAS/QC 13.2

NOTE: Additional host information:

 Linux LIN X64 4.18.0-553.124.1.el8_10.x86_64 #1 SMP Mon May 11 07:30:18 EDT 2026 x86_64 Red Hat Enterprise Linux release 8.10 
      (Ootpa) 

You are running SAS 9. Some SAS 8 files will be automatically converted 
by the V9 engine; others are incompatible.  Please see 
http://support.sas.com/rnd/migration/planning/platform/64bit.html

PROC MIGRATE will preserve current SAS file attributes and is 
recommended for converting all your SAS libraries from any 
SAS 8 release to SAS 9.  For details and examples, please see
http://support.sas.com/rnd/migration/index.html


This message is contained in the SAS news file, and is presented upon
initialization.  Edit the file "news" in the "misc/base" directory to
display site-specific news and information in the program log.
The command line option "-nonews" will prevent this display.




NOTE: SAS initialization used:
      real time           0.09 seconds
      cpu time            0.06 seconds
      
1          /* Reads in csv data from prior and calculates the comorbidity scores for each bene_storm (event) */
2          
3          %macro loop_years;
4          
5          /* Years to attempt (no data for 2011, 2013, 2014, or 2015) */
6          %let year_list =
7              2012
8              2016
9              2017
10             2018
11             2019
12             2020
13             2021
14             2022
15         ;
16         
2                                                          The SAS System                             15:46 Wednesday, June 24, 2026

17         /* Base paths */
18         %let in_base  =
18       ! /gpfs/data/cms-share/duas/54200/Jessy/data/climate_change/dialysis/05b_comorbidity_prep_for_sas_from_exposure_anchor_v02_
18       ! csv;
19         %let out_base =
19       ! /gpfs/data/cms-share/duas/54200/Jessy/data/climate_change/dialysis/05c_comorbidity_scores_from_sas_from_exposure_anchor_v
19       ! 01;
20         
21         /* Create output directory if needed */
22         options obs=max;
23         
24         %let i = 1;
25         %let this_year = %scan(&year_list,&i,%str( ));
26         
27         %do %while(%length(&this_year));
28         
29             %put NOTE: ==================================================;
30             %put NOTE: Processing comorbidity score for year=&this_year;
31             %put NOTE: ==================================================;
32         
33             %let infile = &in_base/year_&this_year..csv;
34             %let outfile = &out_base/year_&this_year._sas_output.csv;
35         
36             /* Skip if CSV does not exist */
37             %if %sysfunc(fileexist(&infile)) = 0 %then %do;
38                 %put WARNING: Input file does not exist for year=&this_year -> &infile;
39                 %goto next_year;
40             %end;
41         
42             /* ---------- READ-IN ---------- */
43             proc import
44                 datafile="&infile"
45                 out      = diag_imp_raw
46                 dbms     = csv
47                 replace  ;
48                 guessingrows = max;
49                 getnames  = YES;
50             run;
51         
52             %if not %sysfunc(exist(work.diag_imp_raw)) %then %do;
53                 %put ERROR: PROC IMPORT failed for year=&this_year.. Skipping this year.;
54                 %goto next_year;
55             %end;
56         
57             /* ---------- STANDARDIZE INPUT TYPES ---------- */
58             data diag_imp;
59                 set diag_imp_raw;
60         
61                 length patid_clean $80 DX_clean $10 Dx_CodeType_clean $2;
62         
63                 patid_clean = strip(vvalue(patid));
64                 DX_clean    = compress(upcase(strip(vvalue(DX))), '.');
65                 Dx_CodeType_clean = strip(vvalue(Dx_CodeType));
66         
67                 /* standardize Dx_CodeType */
68                 if Dx_CodeType_clean in ("9","09") then Dx_CodeType_clean = "09";
69                 else if Dx_CodeType_clean in ("10") then Dx_CodeType_clean = "10";
70                 else Dx_CodeType_clean = "";
3                                                          The SAS System                             15:46 Wednesday, June 24, 2026

71         
72                 /* keep only valid rows */
73                 if missing(patid_clean) then delete;
74                 if missing(DX_clean) then delete;
75                 if missing(Dx_CodeType_clean) then delete;
76         
77                 drop patid DX Dx_CodeType;
78                 rename
79                     patid_clean = patid
80                     DX_clean = DX
81                     Dx_CodeType_clean = Dx_CodeType
82                 ;
83             run;
84         
85             proc sort data=diag_imp nodupkey;
86                 by patid DX Dx_CodeType;
87             run;
88         
89             proc contents data=diag_imp;
90             run;
91         
92             /* Macro variables used below */
93             %let dx_set = diag_imp;
94             %let score_set = combined_comorb_score_set;
95         
96             /* ---------- CALCULATE INDICATOR SET ---------- */
97             proc sql;
98               create table for_combined_comorbidity_score as
99               select patid,
100                     MAX(case when Dx_CodeType = "09" and DX = "2911" then 1
101                              when Dx_CodeType = "09" and DX = "2912" then 1
102                              when Dx_CodeType = "09" and DX = "2915" then 1
103                              when Dx_CodeType = "09" and DX = "2918" then 1
104                              when Dx_CodeType = "09" and DX = "2919" then 1
105                              when Dx_CodeType = "09" and DX >= "3039" and DX <= "30393" then 1
106                              when Dx_CodeType = "09" and DX >= "3050" and DX <= "30503" then 1
107                              when Dx_CodeType = "09" and DX = "V113" then 1
108                              when Dx_CodeType = "10" and DX = "E52" then 1
109                              when Dx_CodeType = "10" and DX like "F10%" then 1
110                              when Dx_CodeType = "10" and DX = "G621" then 1
111                              when Dx_CodeType = "10" and DX = "I426" then 1
112                              when Dx_CodeType = "10" and DX like "K292%" then 1
113                              when Dx_CodeType = "10" and DX = "K700" then 1
114                              when Dx_CodeType = "10" and DX like "K703%" then 1
115                              when Dx_CodeType = "10" and DX = "K709" then 1
116                              when Dx_CodeType = "10" and DX like "T51%" then 1
117                              when Dx_CodeType = "10" and DX = "Z658" then 1
118                              when Dx_CodeType = "10" and DX like "Z714%" then 1
119                              else 0
120                         end) as Alcohol_abuse,
121                     MAX(case when Dx_CodeType = "09" and DX >= "140" and substr(DX, 1, 3) <= "171" then 1
122                              when Dx_CodeType = "09" and DX >= "174" and substr(DX, 1, 3) <= "195" then 1
123                              when Dx_CodeType = "09" and DX >= "200" and substr(DX, 1, 3) <= "208" then 1
124                              when Dx_CodeType = "09" and DX = "2730" then 1
125                              when Dx_CodeType = "09" and DX = "2733" then 1
126                              when Dx_CodeType = "09" and DX = "V1046" then 1
127                              when Dx_CodeType = "10" and DX >= "C00" and substr(DX, 1, 3) <= "C26" then 1
128                              when Dx_CodeType = "10" and DX >= "C30" and substr(DX, 1, 3) <= "C34" then 1
4                                                          The SAS System                             15:46 Wednesday, June 24, 2026

129                              when Dx_CodeType = "10" and DX >= "C37" and substr(DX, 1, 3) <= "C41" then 1
130                              when Dx_CodeType = "10" and DX like "C43%" then 1
131                              when Dx_CodeType = "10" and DX >= "C45" and substr(DX, 1, 3) <= "C58" then 1
132                              when Dx_CodeType = "10" and DX >= "C60" and substr(DX, 1, 3) <= "C75" then 1
133                              when Dx_CodeType = "10" and DX like "C76%" then 1
134                              when Dx_CodeType = "10" and DX >= "C81" and substr(DX, 1, 4) <= "C943" then 1
135                              when Dx_CodeType = "10" and DX like "C948%" then 1
136                              when Dx_CodeType = "10" and DX like "C95%" then 1
137                              when Dx_CodeType = "10" and DX >= "C960" and DX <= "C964" then 1
138                              when Dx_CodeType = "10" and DX = "C969" then 1
139                              when Dx_CodeType = "10" and DX = "C96A" then 1
140                              when Dx_CodeType = "10" and DX = "C96Z" then 1
141                              when Dx_CodeType = "10" and DX = "D45" then 1
142                              when Dx_CodeType = "10" and DX = "D89" then 1
143                              when Dx_CodeType = "10" and DX = "Z8546" then 1
144                              else 0
145                         end) as Any_tumor,
146                     MAX(case when Dx_CodeType = "09" and DX = "42610" then 1
147                              when Dx_CodeType = "09" and DX = "42611" then 1
148                              when Dx_CodeType = "09" and DX = "42613" then 1
149                              when Dx_CodeType = "09" and DX >= "4262" and DX <= "4264" then 1
150                              when Dx_CodeType = "09" and DX >= "42650" and DX <= "42653" then 1
151                              when Dx_CodeType = "09" and DX >= "4266" and DX <= "4268" then 1
152                              when Dx_CodeType = "09" and DX = "4270" then 1
153                              when Dx_CodeType = "09" and DX = "4272" then 1
154                              when Dx_CodeType = "09" and DX = "42731" then 1
155                              when Dx_CodeType = "09" and DX = "4276" then 1
156                              when Dx_CodeType = "09" and DX = "4279" then 1
157                              when Dx_CodeType = "09" and DX = "7850" then 1
158                              when Dx_CodeType = "09" and DX = "V450" then 1
159                              when Dx_CodeType = "09" and DX = "V533" then 1
160                              when Dx_CodeType = "10" and DX = "I440" then 1
161                              when Dx_CodeType = "10" and DX = "I441" then 1
162                              when Dx_CodeType = "10" and DX >= "I443" and DX <= "I452" then 1
163                              when Dx_CodeType = "10" and DX >= "I454" and substr(DX, 1, 4) <= "I458" then 1
164                              when Dx_CodeType = "10" and DX = "I459" then 1
165                              when Dx_CodeType = "10" and DX >= "I47" and substr(DX, 1, 3) <= "I49" then 1
166                              when Dx_CodeType = "10" and DX = "R000" then 1
167                              when Dx_CodeType = "10" and DX = "R001" then 1
168                              when Dx_CodeType = "10" and DX = "R008" then 1
169                              when Dx_CodeType = "10" and DX like "T821%" then 1
170                              when Dx_CodeType = "10" and DX like "Z450%" then 1
171                              when Dx_CodeType = "10" and DX = "Z950" then 1
172                              when Dx_CodeType = "10" and DX = "Z95810" then 1
173                              when Dx_CodeType = "10" and DX = "Z95818" then 1
174                              when Dx_CodeType = "10" and DX = "Z959" then 1
175                              else 0
176                         end) as Cardiac_arrhythmias,
177                     MAX(case when Dx_CodeType = "09" and DX = "4150" then 1
178                              when Dx_CodeType = "09" and DX = "4168" then 1
179                              when Dx_CodeType = "09" and DX = "4169" then 1
180                              when Dx_CodeType = "09" and DX >= "491" and substr(DX, 1, 3) <= "494" then 1
181                              when Dx_CodeType = "09" and DX like "496%" then 1
182                              when Dx_CodeType = "10" and DX like "I260%" then 1
183                              when Dx_CodeType = "10" and DX >= "I272" and DX <= "I279" then 1
184                              when Dx_CodeType = "10" and DX >= "J40" and substr(DX, 1, 3) <= "J47" then 1
185                              when Dx_CodeType = "10" and DX >= "J60" and substr(DX, 1, 3) <= "J67" then 1
186                              when Dx_CodeType = "10" and DX = "J684" then 1
5                                                          The SAS System                             15:46 Wednesday, June 24, 2026

187                              when Dx_CodeType = "10" and DX = "J701" then 1
188                              when Dx_CodeType = "10" and DX = "J703" then 1
189                              else 0
190                         end) as Chronic_pulmonary_disease,
191                     MAX(case when Dx_CodeType = "09" and DX >= "2860" and DX <= "2869" then 1
192                              when Dx_CodeType = "09" and DX = "2871" then 1
193                              when Dx_CodeType = "09" and DX >= "2873" and DX <= "2875" then 1
194                              when Dx_CodeType = "10" and DX >= "D65" and substr(DX, 1, 3) <= "D68" then 1
195                              when Dx_CodeType = "10" and DX = "D691" then 1
196                              when Dx_CodeType = "10" and DX >= "D693" and DX <= "D696" then 1
197                              else 0
198                         end) as Coagulopathy,
199                     MAX(case when Dx_CodeType = "09" and DX >= "2504" and DX <= "25073" then 1
200                              when Dx_CodeType = "09" and DX >= "25090" and DX <= "25093" then 1
201                              when Dx_CodeType = "10" and DX >= "E102" and DX <= "E108" then 1
202                              when Dx_CodeType = "10" and DX >= "E112" and DX <= "E118" then 1
203                              when Dx_CodeType = "10" and DX >= "E122" and DX <= "E128" then 1
204                              when Dx_CodeType = "10" and DX >= "E132" and substr(DX, 1, 4) <= "E138" then 1
205                              else 0
206                         end) as Complicated_diabetes,
207                     MAX(case when Dx_CodeType = "09" and DX = "40201" then 1
208                              when Dx_CodeType = "09" and DX = "40211" then 1
209                              when Dx_CodeType = "09" and DX = "40291" then 1
210                              when Dx_CodeType = "09" and DX like "425%" then 1
211                              when Dx_CodeType = "09" and DX like "428%" then 1
212                              when Dx_CodeType = "09" and DX = "4293" then 1
213                              when Dx_CodeType = "10" and DX = "A1884" then 1
214                              when Dx_CodeType = "10" and DX = "I099" then 1
215                              when Dx_CodeType = "10" and DX = "I110" then 1
216                              when Dx_CodeType = "10" and DX = "I130" then 1
217                              when Dx_CodeType = "10" and DX = "I132" then 1
218                              when Dx_CodeType = "10" and DX = "I255" then 1
219                              when Dx_CodeType = "10" and DX like "I42%" then 1
220                              when Dx_CodeType = "10" and DX like "I43%" then 1
221                              when Dx_CodeType = "10" and DX like "I50%" then 1
222                              when Dx_CodeType = "10" and DX = "I517" then 1
223                              when Dx_CodeType = "10" and DX = "P290" then 1
224                              else 0
225                         end) as Congestive_heart_failure,
226                     MAX(case when Dx_CodeType = "09" and DX >= "2801" and DX <= "2819" then 1
227                              when Dx_CodeType = "09" and DX = "2859" then 1
228                              when Dx_CodeType = "10" and DX >= "D501" and DX <= "D509" then 1
229                              when Dx_CodeType = "10" and DX >= "D51" and substr(DX, 1, 3) <= "D53" then 1
230                              when Dx_CodeType = "10" and DX = "D649" then 1
231                              else 0
232                         end) as Deficiency_anemia,
233                     MAX(case when Dx_CodeType = "09" and DX like "290%" then 1
234                              when Dx_CodeType = "09" and DX = "3310" then 1
235                              when Dx_CodeType = "09" and DX = "3311" then 1
236                              when Dx_CodeType = "09" and DX = "3312" then 1
237                              when Dx_CodeType = "10" and DX >= "F01" and substr(DX, 1, 3) <= "F03" then 1
238                              when Dx_CodeType = "10" and DX = "F05" then 1
239                              when Dx_CodeType = "10" and DX like "G30%" then 1
240                              when Dx_CodeType = "10" and DX = "G3101" then 1
241                              when Dx_CodeType = "10" and DX = "G3109" then 1
242                              when Dx_CodeType = "10" and DX = "G311" then 1
243                              else 0
244                         end) as Dementia,
6                                                          The SAS System                             15:46 Wednesday, June 24, 2026

245                     MAX(case when Dx_CodeType = "09" and DX like "276%" then 1
246                              when Dx_CodeType = "10" and DX = "E222" then 1
247                              when Dx_CodeType = "10" and DX like "E86%" then 1
248                              when Dx_CodeType = "10" and DX like "E87%" then 1
249                              else 0
250                         end) as Fluid_and_electrolyte_disorders,
251                     MAX(case when Dx_CodeType = "09" and DX >= "042" and substr(DX, 1, 3) <= "044" then 1
252                              when Dx_CodeType = "10" and DX like "B20%" then 1
253                              else 0
254                         end) as HIV_AIDS,
255                     MAX(case when Dx_CodeType = "09" and DX like "342%" then 1
256                              when Dx_CodeType = "09" and DX like "344%" then 1
257                              when Dx_CodeType = "10" and DX = "G041" then 1
258                              when Dx_CodeType = "10" and DX = "G114" then 1
259                              when Dx_CodeType = "10" and DX = "G801" then 1
260                              when Dx_CodeType = "10" and DX = "G802" then 1
261                              when Dx_CodeType = "10" and DX like "G81%" then 1
262                              when Dx_CodeType = "10" and DX like "G82%" then 1
263                              when Dx_CodeType = "10" and DX like "G83%" then 1
264                              else 0
265                         end) as Hemiplegia,
266                     MAX(case when Dx_CodeType = "09" and DX = "4011" then 1
267                              when Dx_CodeType = "09" and DX = "4019" then 1
268                              when Dx_CodeType = "09" and DX = "40210" then 1
269                              when Dx_CodeType = "09" and DX = "40290" then 1
270                              when Dx_CodeType = "09" and DX = "40410" then 1
271                              when Dx_CodeType = "09" and DX = "40490" then 1
272                              when Dx_CodeType = "09" and DX = "40511" then 1
273                              when Dx_CodeType = "09" and DX = "40519" then 1
274                              when Dx_CodeType = "09" and DX = "40591" then 1
275                              when Dx_CodeType = "09" and DX = "40599" then 1
276                              when Dx_CodeType = "10" and DX like "I10%" then 1
277                              when Dx_CodeType = "10" and DX >= "I11" and substr(DX, 1, 3) <= "I13" then 1
278                              when Dx_CodeType = "10" and DX like "I15%" then 1
279                              when Dx_CodeType = "10" and DX = "N262" then 1
280                              else 0
281                         end) as Hypertension,
282                     MAX(case when Dx_CodeType = "09" and DX = "07032" then 1
283                              when Dx_CodeType = "09" and DX = "07033" then 1
284                              when Dx_CodeType = "09" and DX = "07054" then 1
285                              when Dx_CodeType = "09" and DX = "4560" then 1
286                              when Dx_CodeType = "09" and DX = "4561" then 1
287                              when Dx_CodeType = "09" and DX = "45620" then 1
288                              when Dx_CodeType = "09" and DX = "45621" then 1
289                              when Dx_CodeType = "09" and DX = "5710" then 1
290                              when Dx_CodeType = "09" and DX = "5712" then 1
291                              when Dx_CodeType = "09" and DX = "5713" then 1
292                              when Dx_CodeType = "09" and DX >= "57140" and DX <= "57149" then 1
293                              when Dx_CodeType = "09" and DX = "5715" then 1
294                              when Dx_CodeType = "09" and DX = "5716" then 1
295                              when Dx_CodeType = "09" and DX = "5718" then 1
296                              when Dx_CodeType = "09" and DX = "5719" then 1
297                              when Dx_CodeType = "09" and DX = "5723" then 1
298                              when Dx_CodeType = "09" and DX = "5728" then 1
299                              when Dx_CodeType = "09" and DX = "V427" then 1
300                              when Dx_CodeType = "10" and DX like "B18%" then 1
301                              when Dx_CodeType = "10" and DX like "I85%" then 1
302                              when Dx_CodeType = "10" and DX = "I864" then 1
7                                                          The SAS System                             15:46 Wednesday, June 24, 2026

303                              when Dx_CodeType = "10" and DX like "K70%" then 1
304                              when Dx_CodeType = "10" and DX = "K711" then 1
305                              when Dx_CodeType = "10" and DX >= "K713" and DX <= "K715" then 1
306                              when Dx_CodeType = "10" and DX = "K717" then 1
307                              when Dx_CodeType = "10" and DX like "K721%" then 1
308                              when Dx_CodeType = "10" and DX like "K729%" then 1
309                              when Dx_CodeType = "10" and DX >= "K73" and substr(DX, 1, 3) <= "K74" then 1
310                              when Dx_CodeType = "10" and DX = "K754" then 1
311                              when Dx_CodeType = "10" and DX = "K7581" then 1
312                              when Dx_CodeType = "10" and DX = "K760" then 1
313                              when Dx_CodeType = "10" and DX >= "K762" and DX <= "K769" then 1
314                              when Dx_CodeType = "10" and DX = "Z4823" then 1
315                              when Dx_CodeType = "10" and DX = "Z944" then 1
316                              else 0
317                         end) as Liver_disease,
318                     MAX(case when Dx_CodeType = "09" and DX >= "196" and substr(DX, 1, 3) <= "199" then 1
319                              when Dx_CodeType = "10" and DX = "C459" then 1
320                              when Dx_CodeType = "10" and DX >= "C77" and substr(DX, 1, 3) <= "C80" then 1
321                              else 0
322                         end) as Metastatic_cancer,
323                     MAX(case when Dx_CodeType = "09" and DX like "440%" then 1
324                              when Dx_CodeType = "09" and DX = "4412" then 1
325                              when Dx_CodeType = "09" and DX = "4414" then 1
326                              when Dx_CodeType = "09" and DX = "4417" then 1
327                              when Dx_CodeType = "09" and DX = "4419" then 1
328                              when Dx_CodeType = "09" and DX >= "4431" and DX <= "4439" then 1
329                              when Dx_CodeType = "09" and DX = "4471" then 1
330                              when Dx_CodeType = "09" and DX = "5571" then 1
331                              when Dx_CodeType = "09" and DX = "5579" then 1
332                              when Dx_CodeType = "09" and DX = "V434" then 1
333                              when Dx_CodeType = "10" and DX = "E0851" then 1
334                              when Dx_CodeType = "10" and DX = "E0852" then 1
335                              when Dx_CodeType = "10" and DX = "E0951" then 1
336                              when Dx_CodeType = "10" and DX = "E0952" then 1
337                              when Dx_CodeType = "10" and DX = "E1051" then 1
338                              when Dx_CodeType = "10" and DX = "E1052" then 1
339                              when Dx_CodeType = "10" and DX = "E1151" then 1
340                              when Dx_CodeType = "10" and DX = "E1351" then 1
341                              when Dx_CodeType = "10" and DX = "E1352" then 1
342                              when Dx_CodeType = "10" and DX = "I7779" then 1
343                              when Dx_CodeType = "10" and DX = "I670" then 1
344                              when Dx_CodeType = "10" and DX like "I70%" then 1
345                              when Dx_CodeType = "10" and DX like "I71%" then 1
346                              when Dx_CodeType = "10" and DX = "I731" then 1
347                              when Dx_CodeType = "10" and DX like "I738%" then 1
348                              when Dx_CodeType = "10" and DX = "I739" then 1
349                              when Dx_CodeType = "10" and DX = "I771" then 1
350                              when Dx_CodeType = "10" and DX >= "I7771" and DX <= "I7774" then 1
351                              when Dx_CodeType = "10" and DX like "I79%" then 1
352                              when Dx_CodeType = "10" and DX = "K551" then 1
353                              when Dx_CodeType = "10" and DX = "K558" then 1
354                              when Dx_CodeType = "10" and DX = "K559" then 1
355                              when Dx_CodeType = "10" and DX like "Z9582%" then 1
356                              when Dx_CodeType = "10" and DX = "Z959" then 1
357                              else 0
358                         end) as Peripheral_vascular_disease,
359                     MAX(case when Dx_CodeType = "09" and DX >= "295" and DX <= "29899" then 1
360                              when Dx_CodeType = "09" and DX = "2991" then 1
8                                                          The SAS System                             15:46 Wednesday, June 24, 2026

361                              when Dx_CodeType = "09" and DX = "29911" then 1
362                              when Dx_CodeType = "10" and DX like "F20%" then 1
363                              when Dx_CodeType = "10" and DX >= "F22" and substr(DX, 1, 3) <= "F25" then 1
364                              when Dx_CodeType = "10" and DX like "F28%" then 1
365                              when Dx_CodeType = "10" and DX like "F29%" then 1
366                              when Dx_CodeType = "10" and DX >= "F30" and substr(DX, 1, 3) <= "F33" then 1
367                              when Dx_CodeType = "10" and DX = "F348" then 1
368                              when Dx_CodeType = "10" and DX = "F349" then 1
369                              when Dx_CodeType = "10" and DX like "F39%" then 1
370                              when Dx_CodeType = "10" and DX = "F4489" then 1
371                              when Dx_CodeType = "10" and DX = "F843" then 1
372                              else 0
373                         end) as Psychosis,
374                     MAX(case when Dx_CodeType = "09" and DX like "416%" then 1
375                              when Dx_CodeType = "09" and DX = "4179" then 1
376                              when Dx_CodeType = "10" and DX like "I26%" then 1
377                              when Dx_CodeType = "10" and DX like "I27%" then 1
378                              when Dx_CodeType = "10" and DX = "I280" then 1
379                              when Dx_CodeType = "10" and DX = "I288" then 1
380                              when Dx_CodeType = "10" and DX = "I289" then 1
381                              else 0
382                         end) as Pulmonary_circulation_disorders,
383                     MAX(case when Dx_CodeType = "09" and DX = "40311" then 1
384                              when Dx_CodeType = "09" and DX = "40391" then 1
385                              when Dx_CodeType = "09" and DX = "40412" then 1
386                              when Dx_CodeType = "09" and DX = "40492" then 1
387                              when Dx_CodeType = "09" and DX like "585%" then 1
388                              when Dx_CodeType = "09" and DX like "586%" then 1
389                              when Dx_CodeType = "09" and DX = "V420" then 1
390                              when Dx_CodeType = "09" and DX = "V451" then 1
391                              when Dx_CodeType = "09" and DX = "V560" then 1
392                              when Dx_CodeType = "09" and DX = "V568" then 1
393                              when Dx_CodeType = "10" and DX = "I120" then 1
394                              when Dx_CodeType = "10" and DX like "I13%" then 1
395                              when Dx_CodeType = "10" and DX >= "N032" and DX <= "N037" then 1
396                              when Dx_CodeType = "10" and DX >= "N052" and DX <= "N057" then 1
397                              when Dx_CodeType = "10" and DX like "N18%" then 1
398                              when Dx_CodeType = "10" and DX like "N19%" then 1
399                              when Dx_CodeType = "10" and DX = "N250" then 1
400                              when Dx_CodeType = "10" and DX = "Z3932" then 1
401                              when Dx_CodeType = "10" and DX = "Z4822" then 1
402                              when Dx_CodeType = "10" and DX like "Z490%" then 1
403                              when Dx_CodeType = "10" and DX = "Z4931" then 1
404                              when Dx_CodeType = "10" and DX = "Z9115" then 1
405                              when Dx_CodeType = "10" and DX = "Z940" then 1
406                              when Dx_CodeType = "10" and DX = "Z992" then 1
407                              else 0
408                         end) as Renal_failure,
409                     MAX(case when Dx_CodeType = "09" and DX >= "260" and substr(DX, 1, 3) <= "263" then 1
410                              when Dx_CodeType = "10" and DX >= "E40" and substr(DX, 1, 3) <= "E46" then 1
411                              when Dx_CodeType = "10" and DX = "E640" then 1
412                              when Dx_CodeType = "10" and DX = "R634" then 1
413                              when Dx_CodeType = "10" and DX = "R64" then 1
414                              else 0
415                         end) as Weight_loss
416              from &dx_set
417              group by patid
418              order by patid
9                                                          The SAS System                             15:46 Wednesday, June 24, 2026

419              ;
420            quit;
421        
422            /* ---------- CREATE FINAL COMBINED SCORE ---------- */
423            data &score_set;
424              set for_combined_comorbidity_score;
425        
426               combinedscore = (5 * Metastatic_cancer);
427               combinedscore + (Congestive_heart_failure * 2);
428               combinedscore + (Dementia * 2);
429               combinedscore + (Renal_failure * 2);
430               combinedscore + (Weight_loss * 2);
431               combinedscore + (Hemiplegia);
432               combinedscore + (Alcohol_abuse);
433               combinedscore + (Any_tumor);
434               combinedscore + (Cardiac_arrhythmias);
435               combinedscore + (Chronic_pulmonary_disease);
436               combinedscore + (Coagulopathy);
437               combinedscore + (Complicated_diabetes);
438               combinedscore + (Deficiency_anemia);
439               combinedscore + (Fluid_and_electrolyte_disorders);
440               combinedscore + (Liver_disease);
441               combinedscore + (Peripheral_vascular_disease);
442               combinedscore + (Psychosis);
443               combinedscore + (Pulmonary_circulation_disorders);
444               combinedscore + (HIV_AIDS * -1);
445               combinedscore + (Hypertension * -1);
446        
447              keep patid combinedscore;
448            run;
449        
450            /* ---------- WRITE-OUT ---------- */
451            proc export
452                data    = &score_set
453                dbms    = csv
454                outfile = "&outfile"
455                replace;
456            run;
457        
458            /* ---------- CLEAN WORK TABLES ---------- */
459            proc datasets library=work nolist;
460                delete diag_imp_raw diag_imp for_combined_comorbidity_score combined_comorb_score_set;
461            quit;
462        
463            %next_year:
464        
465            /* increment loop */
466            %let i = %eval(&i + 1);
467            %let this_year = %scan(&year_list,&i,%str( ));
468        %end;
469        
470        %mend loop_years;
471        
472        /* run */
473        %loop_years;
NOTE: ==================================================
NOTE: Processing comorbidity score for year=2012
NOTE: ==================================================
10                                                         The SAS System                             15:46 Wednesday, June 24, 2026


474         /**********************************************************************
475         *   PRODUCT:   SAS
476         *   VERSION:   9.4
477         *   CREATOR:   External File Interface
478         *   DATE:      24JUN26
479         *   DESC:      Generated SAS Datastep Code
480         *   TEMPLATE SOURCE:  (None Specified.)
481         ***********************************************************************/
482            data WORK.DIAG_IMP_RAW    ;
483            %let _EFIERR_ = 0; /* set the ERROR detection macro variable */
484            infile
484      ! '/gpfs/data/cms-share/duas/54200/Jessy/data/climate_change/dialysis/05b_comorbidity_prep_for_sas_from_exposure_anchor_v02
484      ! _csv/year_2012.csv' delimiter = ',' MISSOVER DSD lrecl=32767
485        firstobs=2 ;
486               informat patid $26. ;
487               informat DX $5. ;
488               informat Dx_CodeType best32. ;
489               informat year best32. ;
490               format patid $26. ;
491               format DX $5. ;
492               format Dx_CodeType best12. ;
493               format year best12. ;
494            input
495                        patid $
496                        DX $
497                        Dx_CodeType
498                        year
499            ;
500            if _ERROR_ then call symputx('_EFIERR_',1);  /* set ERROR detection macro variable */
501            run;

NOTE: The infile 
      '/gpfs/data/cms-share/duas/54200/Jessy/data/climate_change/dialysis/05b_comorbidity_prep_for_sas_from_exposure_anchor_v02_csv/
      year_2012.csv' is:
      
      Filename=/gpfs/data/cms-share/duas/54200/Jessy/data/climate_change/dialysis/05b_comorbidity_prep_for_sas_from_exposure_anchor_
      v02_csv/year_2012.csv,
      Owner Name=jessyjkn,Group Name=jessyjkn,
      Access Permission=-rw-rw----,
      Last Modified=24Jun2026:15:08:38,
      File Size (bytes)=1562984

NOTE: 38855 records were read from the infile 
      '/gpfs/data/cms-share/duas/54200/Jessy/data/climate_change/dialysis/05b_comorbidity_prep_for_sas_from_exposure_anchor_v02_csv/
      year_2012.csv'.
      The minimum record length was 37.
      The maximum record length was 40.
NOTE: The data set WORK.DIAG_IMP_RAW has 38855 observations and 4 variables.
NOTE: DATA statement used (Total process time):
      real time           0.03 seconds
      cpu time            0.03 seconds
      

38855 rows created in WORK.DIAG_IMP_RAW from 
/gpfs/data/cms-share/duas/54200/Jessy/data/climate_change/dialysis/05b_comorbidity_prep_for_sas_from_exposure_anchor_v02_csv/year_20
12.csv.
  
11                                                         The SAS System                             15:46 Wednesday, June 24, 2026

  
  
NOTE: WORK.DIAG_IMP_RAW data set was successfully created.
NOTE: The data set WORK.DIAG_IMP_RAW has 38855 observations and 4 variables.
NOTE: PROCEDURE IMPORT used (Total process time):
      real time           2.68 seconds
      cpu time            2.65 seconds
      


NOTE: There were 38855 observations read from the data set WORK.DIAG_IMP_RAW.
NOTE: The data set WORK.DIAG_IMP has 38855 observations and 4 variables.
NOTE: DATA statement used (Total process time):
      real time           0.03 seconds
      cpu time            0.03 seconds
      


NOTE: There were 38855 observations read from the data set WORK.DIAG_IMP.
NOTE: 0 observations with duplicate key values were deleted.
NOTE: The data set WORK.DIAG_IMP has 38855 observations and 4 variables.
NOTE: PROCEDURE SORT used (Total process time):
      real time           0.04 seconds
      cpu time            0.04 seconds
      


NOTE: PROCEDURE CONTENTS used (Total process time):
      real time           0.01 seconds
      cpu time            0.01 seconds
      
NOTE: The PROCEDURE CONTENTS printed page 1.

NOTE: Table WORK.FOR_COMBINED_COMORBIDITY_SCORE created, with 1286 rows and 21 columns.

NOTE: PROCEDURE SQL used (Total process time):
      real time           0.12 seconds
      cpu time            0.13 seconds
      


NOTE: There were 1286 observations read from the data set WORK.FOR_COMBINED_COMORBIDITY_SCORE.
NOTE: The data set WORK.COMBINED_COMORB_SCORE_SET has 1286 observations and 2 variables.
NOTE: DATA statement used (Total process time):
      real time           0.00 seconds
      cpu time            0.00 seconds
      


502         /**********************************************************************
503         *   PRODUCT:   SAS
504         *   VERSION:   9.4
505         *   CREATOR:   External File Interface
506         *   DATE:      24JUN26
507         *   DESC:      Generated SAS Datastep Code
508         *   TEMPLATE SOURCE:  (None Specified.)
509         ***********************************************************************/
510            data _null_;
12                                                         The SAS System                             15:46 Wednesday, June 24, 2026

511            %let _EFIERR_ = 0; /* set the ERROR detection macro variable */
512            %let _EFIREC_ = 0;     /* clear export record count macro variable */
513            file
513      ! '/gpfs/data/cms-share/duas/54200/Jessy/data/climate_change/dialysis/05c_comorbidity_scores_from_sas_from_exposure_anchor_
513      ! v01/year_2012_sas_output.csv' delimiter=',' DSD DROPOVER lrecl=32767;
514            if _n_ = 1 then        /* write column names or labels */
515             do;
516               put
517                  "patid"
518               ','
519                  "combinedscore"
520               ;
521             end;
522           set  COMBINED_COMORB_SCORE_SET   end=EFIEOD;
523               format patid $80. ;
524               format combinedscore best12. ;
525             do;
526               EFIOUT + 1;
527               put patid $ @;
528               put combinedscore ;
529               ;
530             end;
531            if _ERROR_ then call symputx('_EFIERR_',1);  /* set ERROR detection macro variable */
532            if EFIEOD then call symputx('_EFIREC_',EFIOUT);
533            run;

NOTE: The file 
      '/gpfs/data/cms-share/duas/54200/Jessy/data/climate_change/dialysis/05c_comorbidity_scores_from_sas_from_exposure_anchor_v01/y
      ear_2012_sas_output.csv' is:
      
      Filename=/gpfs/data/cms-share/duas/54200/Jessy/data/climate_change/dialysis/05c_comorbidity_scores_from_sas_from_exposure_anch
      or_v01/year_2012_sas_output.csv,
      Owner Name=jessyjkn,Group Name=jessyjkn,
      Access Permission=-rw-rw----,
      Last Modified=24Jun2026:15:46:16

NOTE: 1287 records were written to the file 
      '/gpfs/data/cms-share/duas/54200/Jessy/data/climate_change/dialysis/05c_comorbidity_scores_from_sas_from_exposure_anchor_v01/y
      ear_2012_sas_output.csv'.
      The minimum record length was 19.
      The maximum record length was 29.
NOTE: There were 1286 observations read from the data set WORK.COMBINED_COMORB_SCORE_SET.
NOTE: DATA statement used (Total process time):
      real time           0.00 seconds
      cpu time            0.01 seconds
      

534        

1286 records created in 
/gpfs/data/cms-share/duas/54200/Jessy/data/climate_change/dialysis/05c_comorbidity_scores_from_sas_from_exposure_anchor_v01/year_201
2_sas_output.csv from 
COMBINED_COMORB_SCORE_SET.
  
  
NOTE: "/gpfs/data/cms-share/duas/54200/Jessy/data/climate_change/dialysis/05c_comorbidity_scores_from_sas_from_exposure_anchor_v01/y
      ear_2012_sas_output.csv" file was successfully created.
NOTE: PROCEDURE EXPORT used (Total process time):
13                                                         The SAS System                             15:46 Wednesday, June 24, 2026

      real time           0.07 seconds
      cpu time            0.05 seconds
      

NOTE: Deleting WORK.DIAG_IMP_RAW (memtype=DATA).
NOTE: Deleting WORK.DIAG_IMP (memtype=DATA).
NOTE: Deleting WORK.FOR_COMBINED_COMORBIDITY_SCORE (memtype=DATA).
NOTE: Deleting WORK.COMBINED_COMORB_SCORE_SET (memtype=DATA).
NOTE: PROCEDURE DATASETS used (Total process time):
      real time           0.00 seconds
      cpu time            0.02 seconds
      

NOTE: ==================================================
NOTE: Processing comorbidity score for year=2016
NOTE: ==================================================

535         /**********************************************************************
536         *   PRODUCT:   SAS
537         *   VERSION:   9.4
538         *   CREATOR:   External File Interface
539         *   DATE:      24JUN26
540         *   DESC:      Generated SAS Datastep Code
541         *   TEMPLATE SOURCE:  (None Specified.)
542         ***********************************************************************/
543            data WORK.DIAG_IMP_RAW    ;
544            %let _EFIERR_ = 0; /* set the ERROR detection macro variable */
545            infile
545      ! '/gpfs/data/cms-share/duas/54200/Jessy/data/climate_change/dialysis/05b_comorbidity_prep_for_sas_from_exposure_anchor_v02
545      ! _csv/year_2016.csv' delimiter = ',' MISSOVER DSD lrecl=32767
546        firstobs=2 ;
547               informat patid $26. ;
548               informat DX $7. ;
549               informat Dx_CodeType best32. ;
550               informat year best32. ;
551               format patid $26. ;
552               format DX $7. ;
553               format Dx_CodeType best12. ;
554               format year best12. ;
555            input
556                        patid $
557                        DX $
558                        Dx_CodeType
559                        year
560            ;
561            if _ERROR_ then call symputx('_EFIERR_',1);  /* set ERROR detection macro variable */
562            run;

NOTE: The infile 
      '/gpfs/data/cms-share/duas/54200/Jessy/data/climate_change/dialysis/05b_comorbidity_prep_for_sas_from_exposure_anchor_v02_csv/
      year_2016.csv' is:
      
      Filename=/gpfs/data/cms-share/duas/54200/Jessy/data/climate_change/dialysis/05b_comorbidity_prep_for_sas_from_exposure_anchor_
      v02_csv/year_2016.csv,
      Owner Name=jessyjkn,Group Name=jessyjkn,
      Access Permission=-rw-rw----,
      Last Modified=24Jun2026:15:13:24,
      File Size (bytes)=1122881
14                                                         The SAS System                             15:46 Wednesday, June 24, 2026


NOTE: 28062 records were read from the infile 
      '/gpfs/data/cms-share/duas/54200/Jessy/data/climate_change/dialysis/05b_comorbidity_prep_for_sas_from_exposure_anchor_v02_csv/
      year_2016.csv'.
      The minimum record length was 37.
      The maximum record length was 42.
NOTE: The data set WORK.DIAG_IMP_RAW has 28062 observations and 4 variables.
NOTE: DATA statement used (Total process time):
      real time           0.02 seconds
      cpu time            0.03 seconds
      

28062 rows created in WORK.DIAG_IMP_RAW from 
/gpfs/data/cms-share/duas/54200/Jessy/data/climate_change/dialysis/05b_comorbidity_prep_for_sas_from_exposure_anchor_v02_csv/year_20
16.csv.
  
  
  
NOTE: WORK.DIAG_IMP_RAW data set was successfully created.
NOTE: The data set WORK.DIAG_IMP_RAW has 28062 observations and 4 variables.
NOTE: PROCEDURE IMPORT used (Total process time):
      real time           1.89 seconds
      cpu time            1.88 seconds
      


NOTE: There were 28062 observations read from the data set WORK.DIAG_IMP_RAW.
NOTE: The data set WORK.DIAG_IMP has 28062 observations and 4 variables.
NOTE: DATA statement used (Total process time):
      real time           0.02 seconds
      cpu time            0.02 seconds
      


NOTE: There were 28062 observations read from the data set WORK.DIAG_IMP.
NOTE: 0 observations with duplicate key values were deleted.
NOTE: The data set WORK.DIAG_IMP has 28062 observations and 4 variables.
NOTE: PROCEDURE SORT used (Total process time):
      real time           0.01 seconds
      cpu time            0.02 seconds
      


NOTE: PROCEDURE CONTENTS used (Total process time):
      real time           0.00 seconds
      cpu time            0.00 seconds
      
NOTE: The PROCEDURE CONTENTS printed page 2.

NOTE: Table WORK.FOR_COMBINED_COMORBIDITY_SCORE created, with 708 rows and 21 columns.

NOTE: PROCEDURE SQL used (Total process time):
      real time           0.09 seconds
      cpu time            0.10 seconds
      


NOTE: There were 708 observations read from the data set WORK.FOR_COMBINED_COMORBIDITY_SCORE.
15                                                         The SAS System                             15:46 Wednesday, June 24, 2026

NOTE: The data set WORK.COMBINED_COMORB_SCORE_SET has 708 observations and 2 variables.
NOTE: DATA statement used (Total process time):
      real time           0.00 seconds
      cpu time            0.00 seconds
      


563         /**********************************************************************
564         *   PRODUCT:   SAS
565         *   VERSION:   9.4
566         *   CREATOR:   External File Interface
567         *   DATE:      24JUN26
568         *   DESC:      Generated SAS Datastep Code
569         *   TEMPLATE SOURCE:  (None Specified.)
570         ***********************************************************************/
571            data _null_;
572            %let _EFIERR_ = 0; /* set the ERROR detection macro variable */
573            %let _EFIREC_ = 0;     /* clear export record count macro variable */
574            file
574      ! '/gpfs/data/cms-share/duas/54200/Jessy/data/climate_change/dialysis/05c_comorbidity_scores_from_sas_from_exposure_anchor_
574      ! v01/year_2016_sas_output.csv' delimiter=',' DSD DROPOVER lrecl=32767;
575            if _n_ = 1 then        /* write column names or labels */
576             do;
577               put
578                  "patid"
579               ','
580                  "combinedscore"
581               ;
582             end;
583           set  COMBINED_COMORB_SCORE_SET   end=EFIEOD;
584               format patid $80. ;
585               format combinedscore best12. ;
586             do;
587               EFIOUT + 1;
588               put patid $ @;
589               put combinedscore ;
590               ;
591             end;
592            if _ERROR_ then call symputx('_EFIERR_',1);  /* set ERROR detection macro variable */
593            if EFIEOD then call symputx('_EFIREC_',EFIOUT);
594            run;

NOTE: The file 
      '/gpfs/data/cms-share/duas/54200/Jessy/data/climate_change/dialysis/05c_comorbidity_scores_from_sas_from_exposure_anchor_v01/y
      ear_2016_sas_output.csv' is:
      
      Filename=/gpfs/data/cms-share/duas/54200/Jessy/data/climate_change/dialysis/05c_comorbidity_scores_from_sas_from_exposure_anch
      or_v01/year_2016_sas_output.csv,
      Owner Name=jessyjkn,Group Name=jessyjkn,
      Access Permission=-rw-rw----,
      Last Modified=24Jun2026:15:46:18

NOTE: 709 records were written to the file 
      '/gpfs/data/cms-share/duas/54200/Jessy/data/climate_change/dialysis/05c_comorbidity_scores_from_sas_from_exposure_anchor_v01/y
      ear_2016_sas_output.csv'.
      The minimum record length was 19.
      The maximum record length was 29.
NOTE: There were 708 observations read from the data set WORK.COMBINED_COMORB_SCORE_SET.
16                                                         The SAS System                             15:46 Wednesday, June 24, 2026

NOTE: DATA statement used (Total process time):
      real time           0.00 seconds
      cpu time            0.02 seconds
      

595        

708 records created in 
/gpfs/data/cms-share/duas/54200/Jessy/data/climate_change/dialysis/05c_comorbidity_scores_from_sas_from_exposure_anchor_v01/year_201
6_sas_output.csv from 
COMBINED_COMORB_SCORE_SET.
  
  
NOTE: "/gpfs/data/cms-share/duas/54200/Jessy/data/climate_change/dialysis/05c_comorbidity_scores_from_sas_from_exposure_anchor_v01/y
      ear_2016_sas_output.csv" file was successfully created.
NOTE: PROCEDURE EXPORT used (Total process time):
      real time           0.06 seconds
      cpu time            0.06 seconds
      

NOTE: Deleting WORK.DIAG_IMP_RAW (memtype=DATA).
NOTE: Deleting WORK.DIAG_IMP (memtype=DATA).
NOTE: Deleting WORK.FOR_COMBINED_COMORBIDITY_SCORE (memtype=DATA).
NOTE: Deleting WORK.COMBINED_COMORB_SCORE_SET (memtype=DATA).
NOTE: PROCEDURE DATASETS used (Total process time):
      real time           0.00 seconds
      cpu time            0.01 seconds
      

NOTE: ==================================================
NOTE: Processing comorbidity score for year=2017
NOTE: ==================================================

596         /**********************************************************************
597         *   PRODUCT:   SAS
598         *   VERSION:   9.4
599         *   CREATOR:   External File Interface
600         *   DATE:      24JUN26
601         *   DESC:      Generated SAS Datastep Code
602         *   TEMPLATE SOURCE:  (None Specified.)
603         ***********************************************************************/
604            data WORK.DIAG_IMP_RAW    ;
605            %let _EFIERR_ = 0; /* set the ERROR detection macro variable */
606            infile
606      ! '/gpfs/data/cms-share/duas/54200/Jessy/data/climate_change/dialysis/05b_comorbidity_prep_for_sas_from_exposure_anchor_v02
606      ! _csv/year_2017.csv' delimiter = ',' MISSOVER DSD lrecl=32767
607        firstobs=2 ;
608               informat patid $27. ;
609               informat DX $7. ;
610               informat Dx_CodeType best32. ;
611               informat year best32. ;
612               format patid $27. ;
613               format DX $7. ;
614               format Dx_CodeType best12. ;
615               format year best12. ;
616            input
617                        patid $
618                        DX $
17                                                         The SAS System                             15:46 Wednesday, June 24, 2026

619                        Dx_CodeType
620                        year
621            ;
622            if _ERROR_ then call symputx('_EFIERR_',1);  /* set ERROR detection macro variable */
623            run;

NOTE: The infile 
      '/gpfs/data/cms-share/duas/54200/Jessy/data/climate_change/dialysis/05b_comorbidity_prep_for_sas_from_exposure_anchor_v02_csv/
      year_2017.csv' is:
      
      Filename=/gpfs/data/cms-share/duas/54200/Jessy/data/climate_change/dialysis/05b_comorbidity_prep_for_sas_from_exposure_anchor_
      v02_csv/year_2017.csv,
      Owner Name=jessyjkn,Group Name=jessyjkn,
      Access Permission=-rw-rw----,
      Last Modified=24Jun2026:15:18:28,
      File Size (bytes)=8020890

NOTE: 197452 records were read from the infile 
      '/gpfs/data/cms-share/duas/54200/Jessy/data/climate_change/dialysis/05b_comorbidity_prep_for_sas_from_exposure_anchor_v02_csv/
      year_2017.csv'.
      The minimum record length was 37.
      The maximum record length was 43.
NOTE: The data set WORK.DIAG_IMP_RAW has 197452 observations and 4 variables.
NOTE: DATA statement used (Total process time):
      real time           0.07 seconds
      cpu time            0.07 seconds
      

197452 rows created in WORK.DIAG_IMP_RAW from 
/gpfs/data/cms-share/duas/54200/Jessy/data/climate_change/dialysis/05b_comorbidity_prep_for_sas_from_exposure_anchor_v02_csv/year_20
17.csv.
  
  
  
NOTE: WORK.DIAG_IMP_RAW data set was successfully created.
NOTE: The data set WORK.DIAG_IMP_RAW has 197452 observations and 4 variables.
NOTE: PROCEDURE IMPORT used (Total process time):
      real time           12.99 seconds
      cpu time            12.96 seconds
      


NOTE: There were 197452 observations read from the data set WORK.DIAG_IMP_RAW.
NOTE: The data set WORK.DIAG_IMP has 197452 observations and 4 variables.
NOTE: DATA statement used (Total process time):
      real time           0.07 seconds
      cpu time            0.08 seconds
      


NOTE: There were 197452 observations read from the data set WORK.DIAG_IMP.
NOTE: 0 observations with duplicate key values were deleted.
NOTE: The data set WORK.DIAG_IMP has 197452 observations and 4 variables.
NOTE: PROCEDURE SORT used (Total process time):
      real time           0.08 seconds
      cpu time            0.08 seconds
      

18                                                         The SAS System                             15:46 Wednesday, June 24, 2026


NOTE: PROCEDURE CONTENTS used (Total process time):
      real time           0.00 seconds
      cpu time            0.00 seconds
      
NOTE: The PROCEDURE CONTENTS printed page 3.

NOTE: Table WORK.FOR_COMBINED_COMORBIDITY_SCORE created, with 5123 rows and 21 columns.

NOTE: PROCEDURE SQL used (Total process time):
      real time           0.61 seconds
      cpu time            0.62 seconds
      


NOTE: There were 5123 observations read from the data set WORK.FOR_COMBINED_COMORBIDITY_SCORE.
NOTE: The data set WORK.COMBINED_COMORB_SCORE_SET has 5123 observations and 2 variables.
NOTE: DATA statement used (Total process time):
      real time           0.00 seconds
      cpu time            0.01 seconds
      


624         /**********************************************************************
625         *   PRODUCT:   SAS
626         *   VERSION:   9.4
627         *   CREATOR:   External File Interface
628         *   DATE:      24JUN26
629         *   DESC:      Generated SAS Datastep Code
630         *   TEMPLATE SOURCE:  (None Specified.)
631         ***********************************************************************/
632            data _null_;
633            %let _EFIERR_ = 0; /* set the ERROR detection macro variable */
634            %let _EFIREC_ = 0;     /* clear export record count macro variable */
635            file
635      ! '/gpfs/data/cms-share/duas/54200/Jessy/data/climate_change/dialysis/05c_comorbidity_scores_from_sas_from_exposure_anchor_
635      ! v01/year_2017_sas_output.csv' delimiter=',' DSD DROPOVER lrecl=32767;
636            if _n_ = 1 then        /* write column names or labels */
637             do;
638               put
639                  "patid"
640               ','
641                  "combinedscore"
642               ;
643             end;
644           set  COMBINED_COMORB_SCORE_SET   end=EFIEOD;
645               format patid $80. ;
646               format combinedscore best12. ;
647             do;
648               EFIOUT + 1;
649               put patid $ @;
650               put combinedscore ;
651               ;
652             end;
653            if _ERROR_ then call symputx('_EFIERR_',1);  /* set ERROR detection macro variable */
654            if EFIEOD then call symputx('_EFIREC_',EFIOUT);
655            run;

19                                                         The SAS System                             15:46 Wednesday, June 24, 2026

NOTE: The file 
      '/gpfs/data/cms-share/duas/54200/Jessy/data/climate_change/dialysis/05c_comorbidity_scores_from_sas_from_exposure_anchor_v01/y
      ear_2017_sas_output.csv' is:
      
      Filename=/gpfs/data/cms-share/duas/54200/Jessy/data/climate_change/dialysis/05c_comorbidity_scores_from_sas_from_exposure_anch
      or_v01/year_2017_sas_output.csv,
      Owner Name=jessyjkn,Group Name=jessyjkn,
      Access Permission=-rw-rw----,
      Last Modified=24Jun2026:15:46:32

NOTE: 5124 records were written to the file 
      '/gpfs/data/cms-share/duas/54200/Jessy/data/climate_change/dialysis/05c_comorbidity_scores_from_sas_from_exposure_anchor_v01/y
      ear_2017_sas_output.csv'.
      The minimum record length was 19.
      The maximum record length was 30.
NOTE: There were 5123 observations read from the data set WORK.COMBINED_COMORB_SCORE_SET.
NOTE: DATA statement used (Total process time):
      real time           0.01 seconds
      cpu time            0.01 seconds
      

656        

5123 records created in 
/gpfs/data/cms-share/duas/54200/Jessy/data/climate_change/dialysis/05c_comorbidity_scores_from_sas_from_exposure_anchor_v01/year_201
7_sas_output.csv from 
COMBINED_COMORB_SCORE_SET.
  
  
NOTE: "/gpfs/data/cms-share/duas/54200/Jessy/data/climate_change/dialysis/05c_comorbidity_scores_from_sas_from_exposure_anchor_v01/y
      ear_2017_sas_output.csv" file was successfully created.
NOTE: PROCEDURE EXPORT used (Total process time):
      real time           0.05 seconds
      cpu time            0.05 seconds
      

NOTE: Deleting WORK.DIAG_IMP_RAW (memtype=DATA).
NOTE: Deleting WORK.DIAG_IMP (memtype=DATA).
NOTE: Deleting WORK.FOR_COMBINED_COMORBIDITY_SCORE (memtype=DATA).
NOTE: Deleting WORK.COMBINED_COMORB_SCORE_SET (memtype=DATA).
NOTE: PROCEDURE DATASETS used (Total process time):
      real time           0.01 seconds
      cpu time            0.01 seconds
      

NOTE: ==================================================
NOTE: Processing comorbidity score for year=2018
NOTE: ==================================================

657         /**********************************************************************
658         *   PRODUCT:   SAS
659         *   VERSION:   9.4
660         *   CREATOR:   External File Interface
661         *   DATE:      24JUN26
662         *   DESC:      Generated SAS Datastep Code
663         *   TEMPLATE SOURCE:  (None Specified.)
664         ***********************************************************************/
665            data WORK.DIAG_IMP_RAW    ;
20                                                         The SAS System                             15:46 Wednesday, June 24, 2026

666            %let _EFIERR_ = 0; /* set the ERROR detection macro variable */
667            infile
667      ! '/gpfs/data/cms-share/duas/54200/Jessy/data/climate_change/dialysis/05b_comorbidity_prep_for_sas_from_exposure_anchor_v02
667      ! _csv/year_2018.csv' delimiter = ',' MISSOVER DSD lrecl=32767
668        firstobs=2 ;
669               informat patid $26. ;
670               informat DX $7. ;
671               informat Dx_CodeType best32. ;
672               informat year best32. ;
673               format patid $26. ;
674               format DX $7. ;
675               format Dx_CodeType best12. ;
676               format year best12. ;
677            input
678                        patid $
679                        DX $
680                        Dx_CodeType
681                        year
682            ;
683            if _ERROR_ then call symputx('_EFIERR_',1);  /* set ERROR detection macro variable */
684            run;

NOTE: The infile 
      '/gpfs/data/cms-share/duas/54200/Jessy/data/climate_change/dialysis/05b_comorbidity_prep_for_sas_from_exposure_anchor_v02_csv/
      year_2018.csv' is:
      
      Filename=/gpfs/data/cms-share/duas/54200/Jessy/data/climate_change/dialysis/05b_comorbidity_prep_for_sas_from_exposure_anchor_
      v02_csv/year_2018.csv,
      Owner Name=jessyjkn,Group Name=jessyjkn,
      Access Permission=-rw-rw----,
      Last Modified=24Jun2026:15:23:31,
      File Size (bytes)=3054863

NOTE: 75893 records were read from the infile 
      '/gpfs/data/cms-share/duas/54200/Jessy/data/climate_change/dialysis/05b_comorbidity_prep_for_sas_from_exposure_anchor_v02_csv/
      year_2018.csv'.
      The minimum record length was 37.
      The maximum record length was 42.
NOTE: The data set WORK.DIAG_IMP_RAW has 75893 observations and 4 variables.
NOTE: DATA statement used (Total process time):
      real time           0.04 seconds
      cpu time            0.05 seconds
      

75893 rows created in WORK.DIAG_IMP_RAW from 
/gpfs/data/cms-share/duas/54200/Jessy/data/climate_change/dialysis/05b_comorbidity_prep_for_sas_from_exposure_anchor_v02_csv/year_20
18.csv.
  
  
  
NOTE: WORK.DIAG_IMP_RAW data set was successfully created.
NOTE: The data set WORK.DIAG_IMP_RAW has 75893 observations and 4 variables.
NOTE: PROCEDURE IMPORT used (Total process time):
      real time           5.00 seconds
      cpu time            4.99 seconds
      


21                                                         The SAS System                             15:46 Wednesday, June 24, 2026

NOTE: There were 75893 observations read from the data set WORK.DIAG_IMP_RAW.
NOTE: The data set WORK.DIAG_IMP has 75893 observations and 4 variables.
NOTE: DATA statement used (Total process time):
      real time           0.04 seconds
      cpu time            0.05 seconds
      


NOTE: There were 75893 observations read from the data set WORK.DIAG_IMP.
NOTE: 0 observations with duplicate key values were deleted.
NOTE: The data set WORK.DIAG_IMP has 75893 observations and 4 variables.
NOTE: PROCEDURE SORT used (Total process time):
      real time           0.05 seconds
      cpu time            0.05 seconds
      


NOTE: PROCEDURE CONTENTS used (Total process time):
      real time           0.00 seconds
      cpu time            0.01 seconds
      
NOTE: The PROCEDURE CONTENTS printed page 4.

NOTE: Table WORK.FOR_COMBINED_COMORBIDITY_SCORE created, with 1771 rows and 21 columns.

NOTE: PROCEDURE SQL used (Total process time):
      real time           0.24 seconds
      cpu time            0.24 seconds
      


NOTE: There were 1771 observations read from the data set WORK.FOR_COMBINED_COMORBIDITY_SCORE.
NOTE: The data set WORK.COMBINED_COMORB_SCORE_SET has 1771 observations and 2 variables.
NOTE: DATA statement used (Total process time):
      real time           0.00 seconds
      cpu time            0.01 seconds
      


685         /**********************************************************************
686         *   PRODUCT:   SAS
687         *   VERSION:   9.4
688         *   CREATOR:   External File Interface
689         *   DATE:      24JUN26
690         *   DESC:      Generated SAS Datastep Code
691         *   TEMPLATE SOURCE:  (None Specified.)
692         ***********************************************************************/
693            data _null_;
694            %let _EFIERR_ = 0; /* set the ERROR detection macro variable */
695            %let _EFIREC_ = 0;     /* clear export record count macro variable */
696            file
696      ! '/gpfs/data/cms-share/duas/54200/Jessy/data/climate_change/dialysis/05c_comorbidity_scores_from_sas_from_exposure_anchor_
696      ! v01/year_2018_sas_output.csv' delimiter=',' DSD DROPOVER lrecl=32767;
697            if _n_ = 1 then        /* write column names or labels */
698             do;
699               put
700                  "patid"
701               ','
22                                                         The SAS System                             15:46 Wednesday, June 24, 2026

702                  "combinedscore"
703               ;
704             end;
705           set  COMBINED_COMORB_SCORE_SET   end=EFIEOD;
706               format patid $80. ;
707               format combinedscore best12. ;
708             do;
709               EFIOUT + 1;
710               put patid $ @;
711               put combinedscore ;
712               ;
713             end;
714            if _ERROR_ then call symputx('_EFIERR_',1);  /* set ERROR detection macro variable */
715            if EFIEOD then call symputx('_EFIREC_',EFIOUT);
716            run;

NOTE: The file 
      '/gpfs/data/cms-share/duas/54200/Jessy/data/climate_change/dialysis/05c_comorbidity_scores_from_sas_from_exposure_anchor_v01/y
      ear_2018_sas_output.csv' is:
      
      Filename=/gpfs/data/cms-share/duas/54200/Jessy/data/climate_change/dialysis/05c_comorbidity_scores_from_sas_from_exposure_anch
      or_v01/year_2018_sas_output.csv,
      Owner Name=jessyjkn,Group Name=jessyjkn,
      Access Permission=-rw-rw----,
      Last Modified=24Jun2026:15:46:37

NOTE: 1772 records were written to the file 
      '/gpfs/data/cms-share/duas/54200/Jessy/data/climate_change/dialysis/05c_comorbidity_scores_from_sas_from_exposure_anchor_v01/y
      ear_2018_sas_output.csv'.
      The minimum record length was 19.
      The maximum record length was 29.
NOTE: There were 1771 observations read from the data set WORK.COMBINED_COMORB_SCORE_SET.
NOTE: DATA statement used (Total process time):
      real time           0.00 seconds
      cpu time            0.00 seconds
      

717        

1771 records created in 
/gpfs/data/cms-share/duas/54200/Jessy/data/climate_change/dialysis/05c_comorbidity_scores_from_sas_from_exposure_anchor_v01/year_201
8_sas_output.csv from 
COMBINED_COMORB_SCORE_SET.
  
  
NOTE: "/gpfs/data/cms-share/duas/54200/Jessy/data/climate_change/dialysis/05c_comorbidity_scores_from_sas_from_exposure_anchor_v01/y
      ear_2018_sas_output.csv" file was successfully created.
NOTE: PROCEDURE EXPORT used (Total process time):
      real time           0.05 seconds
      cpu time            0.04 seconds
      

NOTE: Deleting WORK.DIAG_IMP_RAW (memtype=DATA).
NOTE: Deleting WORK.DIAG_IMP (memtype=DATA).
NOTE: Deleting WORK.FOR_COMBINED_COMORBIDITY_SCORE (memtype=DATA).
NOTE: Deleting WORK.COMBINED_COMORB_SCORE_SET (memtype=DATA).
NOTE: PROCEDURE DATASETS used (Total process time):
      real time           0.00 seconds
23                                                         The SAS System                             15:46 Wednesday, June 24, 2026

      cpu time            0.01 seconds
      

NOTE: ==================================================
NOTE: Processing comorbidity score for year=2019
NOTE: ==================================================

718         /**********************************************************************
719         *   PRODUCT:   SAS
720         *   VERSION:   9.4
721         *   CREATOR:   External File Interface
722         *   DATE:      24JUN26
723         *   DESC:      Generated SAS Datastep Code
724         *   TEMPLATE SOURCE:  (None Specified.)
725         ***********************************************************************/
726            data WORK.DIAG_IMP_RAW    ;
727            %let _EFIERR_ = 0; /* set the ERROR detection macro variable */
728            infile
728      ! '/gpfs/data/cms-share/duas/54200/Jessy/data/climate_change/dialysis/05b_comorbidity_prep_for_sas_from_exposure_anchor_v02
728      ! _csv/year_2019.csv' delimiter = ',' MISSOVER DSD lrecl=32767
729        firstobs=2 ;
730               informat patid $26. ;
731               informat DX $7. ;
732               informat Dx_CodeType best32. ;
733               informat year best32. ;
734               format patid $26. ;
735               format DX $7. ;
736               format Dx_CodeType best12. ;
737               format year best12. ;
738            input
739                        patid $
740                        DX $
741                        Dx_CodeType
742                        year
743            ;
744            if _ERROR_ then call symputx('_EFIERR_',1);  /* set ERROR detection macro variable */
745            run;

NOTE: The infile 
      '/gpfs/data/cms-share/duas/54200/Jessy/data/climate_change/dialysis/05b_comorbidity_prep_for_sas_from_exposure_anchor_v02_csv/
      year_2019.csv' is:
      
      Filename=/gpfs/data/cms-share/duas/54200/Jessy/data/climate_change/dialysis/05b_comorbidity_prep_for_sas_from_exposure_anchor_
      v02_csv/year_2019.csv,
      Owner Name=jessyjkn,Group Name=jessyjkn,
      Access Permission=-rw-rw----,
      Last Modified=24Jun2026:15:29:08,
      File Size (bytes)=1151368

NOTE: 28771 records were read from the infile 
      '/gpfs/data/cms-share/duas/54200/Jessy/data/climate_change/dialysis/05b_comorbidity_prep_for_sas_from_exposure_anchor_v02_csv/
      year_2019.csv'.
      The minimum record length was 37.
      The maximum record length was 42.
NOTE: The data set WORK.DIAG_IMP_RAW has 28771 observations and 4 variables.
NOTE: DATA statement used (Total process time):
      real time           0.02 seconds
      cpu time            0.03 seconds
24                                                         The SAS System                             15:46 Wednesday, June 24, 2026

      

28771 rows created in WORK.DIAG_IMP_RAW from 
/gpfs/data/cms-share/duas/54200/Jessy/data/climate_change/dialysis/05b_comorbidity_prep_for_sas_from_exposure_anchor_v02_csv/year_20
19.csv.
  
  
  
NOTE: WORK.DIAG_IMP_RAW data set was successfully created.
NOTE: The data set WORK.DIAG_IMP_RAW has 28771 observations and 4 variables.
NOTE: PROCEDURE IMPORT used (Total process time):
      real time           1.97 seconds
      cpu time            1.94 seconds
      


NOTE: There were 28771 observations read from the data set WORK.DIAG_IMP_RAW.
NOTE: The data set WORK.DIAG_IMP has 28771 observations and 4 variables.
NOTE: DATA statement used (Total process time):
      real time           0.02 seconds
      cpu time            0.02 seconds
      


NOTE: There were 28771 observations read from the data set WORK.DIAG_IMP.
NOTE: 0 observations with duplicate key values were deleted.
NOTE: The data set WORK.DIAG_IMP has 28771 observations and 4 variables.
NOTE: PROCEDURE SORT used (Total process time):
      real time           0.03 seconds
      cpu time            0.04 seconds
      


NOTE: PROCEDURE CONTENTS used (Total process time):
      real time           0.00 seconds
      cpu time            0.00 seconds
      
NOTE: The PROCEDURE CONTENTS printed page 5.

NOTE: Table WORK.FOR_COMBINED_COMORBIDITY_SCORE created, with 679 rows and 21 columns.

NOTE: PROCEDURE SQL used (Total process time):
      real time           0.10 seconds
      cpu time            0.11 seconds
      


NOTE: There were 679 observations read from the data set WORK.FOR_COMBINED_COMORBIDITY_SCORE.
NOTE: The data set WORK.COMBINED_COMORB_SCORE_SET has 679 observations and 2 variables.
NOTE: DATA statement used (Total process time):
      real time           0.00 seconds
      cpu time            0.00 seconds
      


746         /**********************************************************************
747         *   PRODUCT:   SAS
748         *   VERSION:   9.4
25                                                         The SAS System                             15:46 Wednesday, June 24, 2026

749         *   CREATOR:   External File Interface
750         *   DATE:      24JUN26
751         *   DESC:      Generated SAS Datastep Code
752         *   TEMPLATE SOURCE:  (None Specified.)
753         ***********************************************************************/
754            data _null_;
755            %let _EFIERR_ = 0; /* set the ERROR detection macro variable */
756            %let _EFIREC_ = 0;     /* clear export record count macro variable */
757            file
757      ! '/gpfs/data/cms-share/duas/54200/Jessy/data/climate_change/dialysis/05c_comorbidity_scores_from_sas_from_exposure_anchor_
757      ! v01/year_2019_sas_output.csv' delimiter=',' DSD DROPOVER lrecl=32767;
758            if _n_ = 1 then        /* write column names or labels */
759             do;
760               put
761                  "patid"
762               ','
763                  "combinedscore"
764               ;
765             end;
766           set  COMBINED_COMORB_SCORE_SET   end=EFIEOD;
767               format patid $80. ;
768               format combinedscore best12. ;
769             do;
770               EFIOUT + 1;
771               put patid $ @;
772               put combinedscore ;
773               ;
774             end;
775            if _ERROR_ then call symputx('_EFIERR_',1);  /* set ERROR detection macro variable */
776            if EFIEOD then call symputx('_EFIREC_',EFIOUT);
777            run;

NOTE: The file 
      '/gpfs/data/cms-share/duas/54200/Jessy/data/climate_change/dialysis/05c_comorbidity_scores_from_sas_from_exposure_anchor_v01/y
      ear_2019_sas_output.csv' is:
      
      Filename=/gpfs/data/cms-share/duas/54200/Jessy/data/climate_change/dialysis/05c_comorbidity_scores_from_sas_from_exposure_anch
      or_v01/year_2019_sas_output.csv,
      Owner Name=jessyjkn,Group Name=jessyjkn,
      Access Permission=-rw-rw----,
      Last Modified=24Jun2026:15:46:40

NOTE: 680 records were written to the file 
      '/gpfs/data/cms-share/duas/54200/Jessy/data/climate_change/dialysis/05c_comorbidity_scores_from_sas_from_exposure_anchor_v01/y
      ear_2019_sas_output.csv'.
      The minimum record length was 19.
      The maximum record length was 29.
NOTE: There were 679 observations read from the data set WORK.COMBINED_COMORB_SCORE_SET.
NOTE: DATA statement used (Total process time):
      real time           0.00 seconds
      cpu time            0.01 seconds
      

778        

679 records created in 
/gpfs/data/cms-share/duas/54200/Jessy/data/climate_change/dialysis/05c_comorbidity_scores_from_sas_from_exposure_anchor_v01/year_201
9_sas_output.csv from 
26                                                         The SAS System                             15:46 Wednesday, June 24, 2026

COMBINED_COMORB_SCORE_SET.
  
  
NOTE: "/gpfs/data/cms-share/duas/54200/Jessy/data/climate_change/dialysis/05c_comorbidity_scores_from_sas_from_exposure_anchor_v01/y
      ear_2019_sas_output.csv" file was successfully created.
NOTE: PROCEDURE EXPORT used (Total process time):
      real time           0.05 seconds
      cpu time            0.04 seconds
      

NOTE: Deleting WORK.DIAG_IMP_RAW (memtype=DATA).
NOTE: Deleting WORK.DIAG_IMP (memtype=DATA).
NOTE: Deleting WORK.FOR_COMBINED_COMORBIDITY_SCORE (memtype=DATA).
NOTE: Deleting WORK.COMBINED_COMORB_SCORE_SET (memtype=DATA).
NOTE: PROCEDURE DATASETS used (Total process time):
      real time           0.00 seconds
      cpu time            0.01 seconds
      

NOTE: ==================================================
NOTE: Processing comorbidity score for year=2020
NOTE: ==================================================

779         /**********************************************************************
780         *   PRODUCT:   SAS
781         *   VERSION:   9.4
782         *   CREATOR:   External File Interface
783         *   DATE:      24JUN26
784         *   DESC:      Generated SAS Datastep Code
785         *   TEMPLATE SOURCE:  (None Specified.)
786         ***********************************************************************/
787            data WORK.DIAG_IMP_RAW    ;
788            %let _EFIERR_ = 0; /* set the ERROR detection macro variable */
789            infile
789      ! '/gpfs/data/cms-share/duas/54200/Jessy/data/climate_change/dialysis/05b_comorbidity_prep_for_sas_from_exposure_anchor_v02
789      ! _csv/year_2020.csv' delimiter = ',' MISSOVER DSD lrecl=32767
790        firstobs=2 ;
791               informat patid $26. ;
792               informat DX $7. ;
793               informat Dx_CodeType best32. ;
794               informat year best32. ;
795               format patid $26. ;
796               format DX $7. ;
797               format Dx_CodeType best12. ;
798               format year best12. ;
799            input
800                        patid $
801                        DX $
802                        Dx_CodeType
803                        year
804            ;
805            if _ERROR_ then call symputx('_EFIERR_',1);  /* set ERROR detection macro variable */
806            run;

NOTE: The infile 
      '/gpfs/data/cms-share/duas/54200/Jessy/data/climate_change/dialysis/05b_comorbidity_prep_for_sas_from_exposure_anchor_v02_csv/
      year_2020.csv' is:
      
27                                                         The SAS System                             15:46 Wednesday, June 24, 2026

      Filename=/gpfs/data/cms-share/duas/54200/Jessy/data/climate_change/dialysis/05b_comorbidity_prep_for_sas_from_exposure_anchor_
      v02_csv/year_2020.csv,
      Owner Name=jessyjkn,Group Name=jessyjkn,
      Access Permission=-rw-rw----,
      Last Modified=24Jun2026:15:33:49,
      File Size (bytes)=1136312

NOTE: 28372 records were read from the infile 
      '/gpfs/data/cms-share/duas/54200/Jessy/data/climate_change/dialysis/05b_comorbidity_prep_for_sas_from_exposure_anchor_v02_csv/
      year_2020.csv'.
      The minimum record length was 37.
      The maximum record length was 42.
NOTE: The data set WORK.DIAG_IMP_RAW has 28372 observations and 4 variables.
NOTE: DATA statement used (Total process time):
      real time           0.02 seconds
      cpu time            0.02 seconds
      

28372 rows created in WORK.DIAG_IMP_RAW from 
/gpfs/data/cms-share/duas/54200/Jessy/data/climate_change/dialysis/05b_comorbidity_prep_for_sas_from_exposure_anchor_v02_csv/year_20
20.csv.
  
  
  
NOTE: WORK.DIAG_IMP_RAW data set was successfully created.
NOTE: The data set WORK.DIAG_IMP_RAW has 28372 observations and 4 variables.
NOTE: PROCEDURE IMPORT used (Total process time):
      real time           1.95 seconds
      cpu time            1.90 seconds
      


NOTE: There were 28372 observations read from the data set WORK.DIAG_IMP_RAW.
NOTE: The data set WORK.DIAG_IMP has 28372 observations and 4 variables.
NOTE: DATA statement used (Total process time):
      real time           0.02 seconds
      cpu time            0.02 seconds
      


NOTE: There were 28372 observations read from the data set WORK.DIAG_IMP.
NOTE: 0 observations with duplicate key values were deleted.
NOTE: The data set WORK.DIAG_IMP has 28372 observations and 4 variables.
NOTE: PROCEDURE SORT used (Total process time):
      real time           0.03 seconds
      cpu time            0.04 seconds
      


NOTE: PROCEDURE CONTENTS used (Total process time):
      real time           0.00 seconds
      cpu time            0.00 seconds
      
NOTE: The PROCEDURE CONTENTS printed page 6.

NOTE: Table WORK.FOR_COMBINED_COMORBIDITY_SCORE created, with 693 rows and 21 columns.

NOTE: PROCEDURE SQL used (Total process time):
28                                                         The SAS System                             15:46 Wednesday, June 24, 2026

      real time           0.10 seconds
      cpu time            0.11 seconds
      


NOTE: There were 693 observations read from the data set WORK.FOR_COMBINED_COMORBIDITY_SCORE.
NOTE: The data set WORK.COMBINED_COMORB_SCORE_SET has 693 observations and 2 variables.
NOTE: DATA statement used (Total process time):
      real time           0.00 seconds
      cpu time            0.00 seconds
      


807         /**********************************************************************
808         *   PRODUCT:   SAS
809         *   VERSION:   9.4
810         *   CREATOR:   External File Interface
811         *   DATE:      24JUN26
812         *   DESC:      Generated SAS Datastep Code
813         *   TEMPLATE SOURCE:  (None Specified.)
814         ***********************************************************************/
815            data _null_;
816            %let _EFIERR_ = 0; /* set the ERROR detection macro variable */
817            %let _EFIREC_ = 0;     /* clear export record count macro variable */
818            file
818      ! '/gpfs/data/cms-share/duas/54200/Jessy/data/climate_change/dialysis/05c_comorbidity_scores_from_sas_from_exposure_anchor_
818      ! v01/year_2020_sas_output.csv' delimiter=',' DSD DROPOVER lrecl=32767;
819            if _n_ = 1 then        /* write column names or labels */
820             do;
821               put
822                  "patid"
823               ','
824                  "combinedscore"
825               ;
826             end;
827           set  COMBINED_COMORB_SCORE_SET   end=EFIEOD;
828               format patid $80. ;
829               format combinedscore best12. ;
830             do;
831               EFIOUT + 1;
832               put patid $ @;
833               put combinedscore ;
834               ;
835             end;
836            if _ERROR_ then call symputx('_EFIERR_',1);  /* set ERROR detection macro variable */
837            if EFIEOD then call symputx('_EFIREC_',EFIOUT);
838            run;

NOTE: The file 
      '/gpfs/data/cms-share/duas/54200/Jessy/data/climate_change/dialysis/05c_comorbidity_scores_from_sas_from_exposure_anchor_v01/y
      ear_2020_sas_output.csv' is:
      
      Filename=/gpfs/data/cms-share/duas/54200/Jessy/data/climate_change/dialysis/05c_comorbidity_scores_from_sas_from_exposure_anch
      or_v01/year_2020_sas_output.csv,
      Owner Name=jessyjkn,Group Name=jessyjkn,
      Access Permission=-rw-rw----,
      Last Modified=24Jun2026:15:46:42

29                                                         The SAS System                             15:46 Wednesday, June 24, 2026

NOTE: 694 records were written to the file 
      '/gpfs/data/cms-share/duas/54200/Jessy/data/climate_change/dialysis/05c_comorbidity_scores_from_sas_from_exposure_anchor_v01/y
      ear_2020_sas_output.csv'.
      The minimum record length was 19.
      The maximum record length was 29.
NOTE: There were 693 observations read from the data set WORK.COMBINED_COMORB_SCORE_SET.
NOTE: DATA statement used (Total process time):
      real time           0.00 seconds
      cpu time            0.01 seconds
      

839        

693 records created in 
/gpfs/data/cms-share/duas/54200/Jessy/data/climate_change/dialysis/05c_comorbidity_scores_from_sas_from_exposure_anchor_v01/year_202
0_sas_output.csv from 
COMBINED_COMORB_SCORE_SET.
  
  
NOTE: "/gpfs/data/cms-share/duas/54200/Jessy/data/climate_change/dialysis/05c_comorbidity_scores_from_sas_from_exposure_anchor_v01/y
      ear_2020_sas_output.csv" file was successfully created.
NOTE: PROCEDURE EXPORT used (Total process time):
      real time           0.05 seconds
      cpu time            0.05 seconds
      

NOTE: Deleting WORK.DIAG_IMP_RAW (memtype=DATA).
NOTE: Deleting WORK.DIAG_IMP (memtype=DATA).
NOTE: Deleting WORK.FOR_COMBINED_COMORBIDITY_SCORE (memtype=DATA).
NOTE: Deleting WORK.COMBINED_COMORB_SCORE_SET (memtype=DATA).
NOTE: PROCEDURE DATASETS used (Total process time):
      real time           0.00 seconds
      cpu time            0.01 seconds
      

NOTE: ==================================================
NOTE: Processing comorbidity score for year=2021
NOTE: ==================================================

840         /**********************************************************************
841         *   PRODUCT:   SAS
842         *   VERSION:   9.4
843         *   CREATOR:   External File Interface
844         *   DATE:      24JUN26
845         *   DESC:      Generated SAS Datastep Code
846         *   TEMPLATE SOURCE:  (None Specified.)
847         ***********************************************************************/
848            data WORK.DIAG_IMP_RAW    ;
849            %let _EFIERR_ = 0; /* set the ERROR detection macro variable */
850            infile
850      ! '/gpfs/data/cms-share/duas/54200/Jessy/data/climate_change/dialysis/05b_comorbidity_prep_for_sas_from_exposure_anchor_v02
850      ! _csv/year_2021.csv' delimiter = ',' MISSOVER DSD lrecl=32767
851        firstobs=2 ;
852               informat patid $25. ;
853               informat DX $7. ;
854               informat Dx_CodeType best32. ;
855               informat year best32. ;
856               format patid $25. ;
30                                                         The SAS System                             15:46 Wednesday, June 24, 2026

857               format DX $7. ;
858               format Dx_CodeType best12. ;
859               format year best12. ;
860            input
861                        patid $
862                        DX $
863                        Dx_CodeType
864                        year
865            ;
866            if _ERROR_ then call symputx('_EFIERR_',1);  /* set ERROR detection macro variable */
867            run;

NOTE: The infile 
      '/gpfs/data/cms-share/duas/54200/Jessy/data/climate_change/dialysis/05b_comorbidity_prep_for_sas_from_exposure_anchor_v02_csv/
      year_2021.csv' is:
      
      Filename=/gpfs/data/cms-share/duas/54200/Jessy/data/climate_change/dialysis/05b_comorbidity_prep_for_sas_from_exposure_anchor_
      v02_csv/year_2021.csv,
      Owner Name=jessyjkn,Group Name=jessyjkn,
      Access Permission=-rw-rw----,
      Last Modified=24Jun2026:15:38:41,
      File Size (bytes)=456594

NOTE: 11505 records were read from the infile 
      '/gpfs/data/cms-share/duas/54200/Jessy/data/climate_change/dialysis/05b_comorbidity_prep_for_sas_from_exposure_anchor_v02_csv/
      year_2021.csv'.
      The minimum record length was 37.
      The maximum record length was 41.
NOTE: The data set WORK.DIAG_IMP_RAW has 11505 observations and 4 variables.
NOTE: DATA statement used (Total process time):
      real time           0.01 seconds
      cpu time            0.01 seconds
      

11505 rows created in WORK.DIAG_IMP_RAW from 
/gpfs/data/cms-share/duas/54200/Jessy/data/climate_change/dialysis/05b_comorbidity_prep_for_sas_from_exposure_anchor_v02_csv/year_20
21.csv.
  
  
  
NOTE: WORK.DIAG_IMP_RAW data set was successfully created.
NOTE: The data set WORK.DIAG_IMP_RAW has 11505 observations and 4 variables.
NOTE: PROCEDURE IMPORT used (Total process time):
      real time           0.83 seconds
      cpu time            0.81 seconds
      


NOTE: There were 11505 observations read from the data set WORK.DIAG_IMP_RAW.
NOTE: The data set WORK.DIAG_IMP has 11505 observations and 4 variables.
NOTE: DATA statement used (Total process time):
      real time           0.01 seconds
      cpu time            0.01 seconds
      


NOTE: There were 11505 observations read from the data set WORK.DIAG_IMP.
NOTE: 0 observations with duplicate key values were deleted.
31                                                         The SAS System                             15:46 Wednesday, June 24, 2026

NOTE: The data set WORK.DIAG_IMP has 11505 observations and 4 variables.
NOTE: PROCEDURE SORT used (Total process time):
      real time           0.01 seconds
      cpu time            0.01 seconds
      


NOTE: PROCEDURE CONTENTS used (Total process time):
      real time           0.00 seconds
      cpu time            0.01 seconds
      
NOTE: The PROCEDURE CONTENTS printed page 7.

NOTE: Table WORK.FOR_COMBINED_COMORBIDITY_SCORE created, with 235 rows and 21 columns.

NOTE: PROCEDURE SQL used (Total process time):
      real time           0.05 seconds
      cpu time            0.06 seconds
      


NOTE: There were 235 observations read from the data set WORK.FOR_COMBINED_COMORBIDITY_SCORE.
NOTE: The data set WORK.COMBINED_COMORB_SCORE_SET has 235 observations and 2 variables.
NOTE: DATA statement used (Total process time):
      real time           0.00 seconds
      cpu time            0.01 seconds
      


868         /**********************************************************************
869         *   PRODUCT:   SAS
870         *   VERSION:   9.4
871         *   CREATOR:   External File Interface
872         *   DATE:      24JUN26
873         *   DESC:      Generated SAS Datastep Code
874         *   TEMPLATE SOURCE:  (None Specified.)
875         ***********************************************************************/
876            data _null_;
877            %let _EFIERR_ = 0; /* set the ERROR detection macro variable */
878            %let _EFIREC_ = 0;     /* clear export record count macro variable */
879            file
879      ! '/gpfs/data/cms-share/duas/54200/Jessy/data/climate_change/dialysis/05c_comorbidity_scores_from_sas_from_exposure_anchor_
879      ! v01/year_2021_sas_output.csv' delimiter=',' DSD DROPOVER lrecl=32767;
880            if _n_ = 1 then        /* write column names or labels */
881             do;
882               put
883                  "patid"
884               ','
885                  "combinedscore"
886               ;
887             end;
888           set  COMBINED_COMORB_SCORE_SET   end=EFIEOD;
889               format patid $80. ;
890               format combinedscore best12. ;
891             do;
892               EFIOUT + 1;
893               put patid $ @;
894               put combinedscore ;
32                                                         The SAS System                             15:46 Wednesday, June 24, 2026

895               ;
896             end;
897            if _ERROR_ then call symputx('_EFIERR_',1);  /* set ERROR detection macro variable */
898            if EFIEOD then call symputx('_EFIREC_',EFIOUT);
899            run;

NOTE: The file 
      '/gpfs/data/cms-share/duas/54200/Jessy/data/climate_change/dialysis/05c_comorbidity_scores_from_sas_from_exposure_anchor_v01/y
      ear_2021_sas_output.csv' is:
      
      Filename=/gpfs/data/cms-share/duas/54200/Jessy/data/climate_change/dialysis/05c_comorbidity_scores_from_sas_from_exposure_anch
      or_v01/year_2021_sas_output.csv,
      Owner Name=jessyjkn,Group Name=jessyjkn,
      Access Permission=-rw-rw----,
      Last Modified=24Jun2026:15:46:43

NOTE: 236 records were written to the file 
      '/gpfs/data/cms-share/duas/54200/Jessy/data/climate_change/dialysis/05c_comorbidity_scores_from_sas_from_exposure_anchor_v01/y
      ear_2021_sas_output.csv'.
      The minimum record length was 19.
      The maximum record length was 28.
NOTE: There were 235 observations read from the data set WORK.COMBINED_COMORB_SCORE_SET.
NOTE: DATA statement used (Total process time):
      real time           0.00 seconds
      cpu time            0.00 seconds
      

900        

235 records created in 
/gpfs/data/cms-share/duas/54200/Jessy/data/climate_change/dialysis/05c_comorbidity_scores_from_sas_from_exposure_anchor_v01/year_202
1_sas_output.csv from 
COMBINED_COMORB_SCORE_SET.
  
  
NOTE: "/gpfs/data/cms-share/duas/54200/Jessy/data/climate_change/dialysis/05c_comorbidity_scores_from_sas_from_exposure_anchor_v01/y
      ear_2021_sas_output.csv" file was successfully created.
NOTE: PROCEDURE EXPORT used (Total process time):
      real time           0.04 seconds
      cpu time            0.04 seconds
      

NOTE: Deleting WORK.DIAG_IMP_RAW (memtype=DATA).
NOTE: Deleting WORK.DIAG_IMP (memtype=DATA).
NOTE: Deleting WORK.FOR_COMBINED_COMORBIDITY_SCORE (memtype=DATA).
NOTE: Deleting WORK.COMBINED_COMORB_SCORE_SET (memtype=DATA).
NOTE: PROCEDURE DATASETS used (Total process time):
      real time           0.00 seconds
      cpu time            0.00 seconds
      

NOTE: ==================================================
NOTE: Processing comorbidity score for year=2022
NOTE: ==================================================

901         /**********************************************************************
902         *   PRODUCT:   SAS
903         *   VERSION:   9.4
33                                                         The SAS System                             15:46 Wednesday, June 24, 2026

904         *   CREATOR:   External File Interface
905         *   DATE:      24JUN26
906         *   DESC:      Generated SAS Datastep Code
907         *   TEMPLATE SOURCE:  (None Specified.)
908         ***********************************************************************/
909            data WORK.DIAG_IMP_RAW    ;
910            %let _EFIERR_ = 0; /* set the ERROR detection macro variable */
911            infile
911      ! '/gpfs/data/cms-share/duas/54200/Jessy/data/climate_change/dialysis/05b_comorbidity_prep_for_sas_from_exposure_anchor_v02
911      ! _csv/year_2022.csv' delimiter = ',' MISSOVER DSD lrecl=32767
912        firstobs=2 ;
913               informat patid $26. ;
914               informat DX $7. ;
915               informat Dx_CodeType best32. ;
916               informat year best32. ;
917               format patid $26. ;
918               format DX $7. ;
919               format Dx_CodeType best12. ;
920               format year best12. ;
921            input
922                        patid $
923                        DX $
924                        Dx_CodeType
925                        year
926            ;
927            if _ERROR_ then call symputx('_EFIERR_',1);  /* set ERROR detection macro variable */
928            run;

NOTE: The infile 
      '/gpfs/data/cms-share/duas/54200/Jessy/data/climate_change/dialysis/05b_comorbidity_prep_for_sas_from_exposure_anchor_v02_csv/
      year_2022.csv' is:
      
      Filename=/gpfs/data/cms-share/duas/54200/Jessy/data/climate_change/dialysis/05b_comorbidity_prep_for_sas_from_exposure_anchor_
      v02_csv/year_2022.csv,
      Owner Name=jessyjkn,Group Name=jessyjkn,
      Access Permission=-rw-rw----,
      Last Modified=24Jun2026:15:43:26,
      File Size (bytes)=1352165

NOTE: 33505 records were read from the infile 
      '/gpfs/data/cms-share/duas/54200/Jessy/data/climate_change/dialysis/05b_comorbidity_prep_for_sas_from_exposure_anchor_v02_csv/
      year_2022.csv'.
      The minimum record length was 37.
      The maximum record length was 42.
NOTE: The data set WORK.DIAG_IMP_RAW has 33505 observations and 4 variables.
NOTE: DATA statement used (Total process time):
      real time           0.03 seconds
      cpu time            0.03 seconds
      

33505 rows created in WORK.DIAG_IMP_RAW from 
/gpfs/data/cms-share/duas/54200/Jessy/data/climate_change/dialysis/05b_comorbidity_prep_for_sas_from_exposure_anchor_v02_csv/year_20
22.csv.
  
  
  
NOTE: WORK.DIAG_IMP_RAW data set was successfully created.
NOTE: The data set WORK.DIAG_IMP_RAW has 33505 observations and 4 variables.
34                                                         The SAS System                             15:46 Wednesday, June 24, 2026

NOTE: PROCEDURE IMPORT used (Total process time):
      real time           2.25 seconds
      cpu time            2.25 seconds
      


NOTE: There were 33505 observations read from the data set WORK.DIAG_IMP_RAW.
NOTE: The data set WORK.DIAG_IMP has 33505 observations and 4 variables.
NOTE: DATA statement used (Total process time):
      real time           0.02 seconds
      cpu time            0.02 seconds
      


NOTE: There were 33505 observations read from the data set WORK.DIAG_IMP.
NOTE: 0 observations with duplicate key values were deleted.
NOTE: The data set WORK.DIAG_IMP has 33505 observations and 4 variables.
NOTE: PROCEDURE SORT used (Total process time):
      real time           0.03 seconds
      cpu time            0.04 seconds
      


NOTE: PROCEDURE CONTENTS used (Total process time):
      real time           0.00 seconds
      cpu time            0.00 seconds
      
NOTE: The PROCEDURE CONTENTS printed page 8.

NOTE: Table WORK.FOR_COMBINED_COMORBIDITY_SCORE created, with 760 rows and 21 columns.

NOTE: PROCEDURE SQL used (Total process time):
      real time           0.13 seconds
      cpu time            0.14 seconds
      


NOTE: There were 760 observations read from the data set WORK.FOR_COMBINED_COMORBIDITY_SCORE.
NOTE: The data set WORK.COMBINED_COMORB_SCORE_SET has 760 observations and 2 variables.
NOTE: DATA statement used (Total process time):
      real time           0.00 seconds
      cpu time            0.00 seconds
      


929         /**********************************************************************
930         *   PRODUCT:   SAS
931         *   VERSION:   9.4
932         *   CREATOR:   External File Interface
933         *   DATE:      24JUN26
934         *   DESC:      Generated SAS Datastep Code
935         *   TEMPLATE SOURCE:  (None Specified.)
936         ***********************************************************************/
937            data _null_;
938            %let _EFIERR_ = 0; /* set the ERROR detection macro variable */
939            %let _EFIREC_ = 0;     /* clear export record count macro variable */
940            file
940      ! '/gpfs/data/cms-share/duas/54200/Jessy/data/climate_change/dialysis/05c_comorbidity_scores_from_sas_from_exposure_anchor_
35                                                         The SAS System                             15:46 Wednesday, June 24, 2026

940      ! v01/year_2022_sas_output.csv' delimiter=',' DSD DROPOVER lrecl=32767;
941            if _n_ = 1 then        /* write column names or labels */
942             do;
943               put
944                  "patid"
945               ','
946                  "combinedscore"
947               ;
948             end;
949           set  COMBINED_COMORB_SCORE_SET   end=EFIEOD;
950               format patid $80. ;
951               format combinedscore best12. ;
952             do;
953               EFIOUT + 1;
954               put patid $ @;
955               put combinedscore ;
956               ;
957             end;
958            if _ERROR_ then call symputx('_EFIERR_',1);  /* set ERROR detection macro variable */
959            if EFIEOD then call symputx('_EFIREC_',EFIOUT);
960            run;

NOTE: The file 
      '/gpfs/data/cms-share/duas/54200/Jessy/data/climate_change/dialysis/05c_comorbidity_scores_from_sas_from_exposure_anchor_v01/y
      ear_2022_sas_output.csv' is:
      
      Filename=/gpfs/data/cms-share/duas/54200/Jessy/data/climate_change/dialysis/05c_comorbidity_scores_from_sas_from_exposure_anch
      or_v01/year_2022_sas_output.csv,
      Owner Name=jessyjkn,Group Name=jessyjkn,
      Access Permission=-rw-rw----,
      Last Modified=24Jun2026:15:46:45

NOTE: 761 records were written to the file 
      '/gpfs/data/cms-share/duas/54200/Jessy/data/climate_change/dialysis/05c_comorbidity_scores_from_sas_from_exposure_anchor_v01/y
      ear_2022_sas_output.csv'.
      The minimum record length was 19.
      The maximum record length was 29.
NOTE: There were 760 observations read from the data set WORK.COMBINED_COMORB_SCORE_SET.
NOTE: DATA statement used (Total process time):
      real time           0.00 seconds
      cpu time            0.00 seconds
      

961        

760 records created in 
/gpfs/data/cms-share/duas/54200/Jessy/data/climate_change/dialysis/05c_comorbidity_scores_from_sas_from_exposure_anchor_v01/year_202
2_sas_output.csv from 
COMBINED_COMORB_SCORE_SET.
  
  
NOTE: "/gpfs/data/cms-share/duas/54200/Jessy/data/climate_change/dialysis/05c_comorbidity_scores_from_sas_from_exposure_anchor_v01/y
      ear_2022_sas_output.csv" file was successfully created.
NOTE: PROCEDURE EXPORT used (Total process time):
      real time           0.04 seconds
      cpu time            0.04 seconds
      

36                                                         The SAS System                             15:46 Wednesday, June 24, 2026

NOTE: Deleting WORK.DIAG_IMP_RAW (memtype=DATA).
NOTE: Deleting WORK.DIAG_IMP (memtype=DATA).
NOTE: Deleting WORK.FOR_COMBINED_COMORBIDITY_SCORE (memtype=DATA).
NOTE: Deleting WORK.COMBINED_COMORB_SCORE_SET (memtype=DATA).
NOTE: PROCEDURE DATASETS used (Total process time):
      real time           0.00 seconds
      cpu time            0.00 seconds
      


NOTE: SAS Institute Inc., SAS Campus Drive, Cary, NC USA 27513-2414
NOTE: The SAS System used:
      real time           32.44 seconds
      cpu time            32.08 seconds
      
